<?xml version="1.0" encoding="UTF-8" ?>
<!DOCTYPE mapper PUBLIC "-//mybatis.org//DTD Mapper 3.0//EN" "http://mybatis.org/dtd/mybatis-3-mapper.dtd" >
<mapper namespace="cn.binux.mapper.TbIndexSlideAdMapper" >
  <resultMap id="BaseResultMap" type="cn.binux.pojo.TbIndexSlideAd" >
    <id column="id" property="id" jdbcType="BIGINT" />
    <result column="alt" property="alt" jdbcType="VARCHAR" />
    <result column="clog" property="clog" jdbcType="VARCHAR" />
    <result column="ext1" property="ext1" jdbcType="VARCHAR" />
    <result column="href" property="href" jdbcType="VARCHAR" />
    <result column="logV" property="logv" jdbcType="VARCHAR" />
    <result column="src" property="src" jdbcType="VARCHAR" />
    <result column="srcB" property="srcb" jdbcType="VARCHAR" />
    <result column="status" property="status" jdbcType="INTEGER" />
    <result column="sort_order" property="sortOrder" jdbcType="INTEGER" />
    <result column="logDomain" property="logdomain" jdbcType="VARCHAR" />
    <result column="created" property="created" jdbcType="TIMESTAMP" />
    <result column="updated" property="updated" jdbcType="TIMESTAMP" />
  </resultMap>
  <sql id="Example_Where_Clause" >
    <where >
      <foreach collection="oredCriteria" item="criteria" separator="or" >
        <if test="criteria.valid" >
          <trim prefix="(" suffix=")" prefixOverrides="and" >
            <foreach collection="criteria.criteria" item="criterion" >
              <choose >
                <when test="criterion.noValue" >
                  and ${criterion.condition}
                </when>
                <when test="criterion.singleValue" >
                  and ${criterion.condition} #{criterion.value}
                </when>
                <when test="criterion.betweenValue" >
                  and ${criterion.condition} #{criterion.value} and #{criterion.secondValue}
                </when>
                <when test="criterion.listValue" >
                  and ${criterion.condition}
                  <foreach collection="criterion.value" item="listItem" open="(" close=")" separator="," >
                    #{listItem}
                  </foreach>
                </when>
              </choose>
            </foreach>
          </trim>
        </if>
      </foreach>
    </where>
  </sql>
  <sql id="Update_By_Example_Where_Clause" >
    <where >
      <foreach collection="example.oredCriteria" item="criteria" separator="or" >
        <if test="criteria.valid" >
          <trim prefix="(" suffix=")" prefixOverrides="and" >
            <foreach collection="criteria.criteria" item="criterion" >
              <choose >
                <when test="criterion.noValue" >
                  and ${criterion.condition}
                </when>
                <when test="criterion.singleValue" >
                  and ${criterion.condition} #{criterion.value}
                </when>
                <when test="criterion.betweenValue" >
                  and ${criterion.condition} #{criterion.value} and #{criterion.secondValue}
                </when>
                <when test="criterion.listValue" >
                  and ${criterion.condition}
                  <foreach collection="criterion.value" item="listItem" open="(" close=")" separator="," >
                    #{listItem}
                  </foreach>
                </when>
              </choose>
            </foreach>
          </trim>
        </if>
      </foreach>
    </where>
  </sql>
  <sql id="Base_Column_List" >
    id, alt, clog, ext1, href, logV, src, srcB, status, sort_order, logDomain, created, 
    updated
  </sql>
  <select id="selectByExample" resultMap="BaseResultMap" parameterType="cn.binux.pojo.TbIndexSlideAdExample" >
    select
    <if test="distinct" >
      distinct
    </if>
    <include refid="Base_Column_List" />
    from tb_index_slide_ad
    <if test="_parameter != null" >
      <include refid="Example_Where_Clause" />
    </if>
    <if test="orderByClause != null" >
      order by ${orderByClause}
    </if>
  </select>
  <select id="selectByPrimaryKey" resultMap="BaseResultMap" parameterType="java.lang.Long" >
    select 
    <include refid="Base_Column_List" />
    from tb_index_slide_ad
    where id = #{id,jdbcType=BIGINT}
  </select>
  <delete id="deleteByPrimaryKey" parameterType="java.lang.Long" >
    delete from tb_index_slide_ad
    where id = #{id,jdbcType=BIGINT}
  </delete>
  <delete id="deleteByExample" parameterType="cn.binux.pojo.TbIndexSlideAdExample" >
    delete from tb_index_slide_ad
    <if test="_parameter != null" >
      <include refid="Example_Where_Clause" />
    </if>
  </delete>
  <insert id="insert" parameterType="cn.binux.pojo.TbIndexSlideAd" >
    insert into tb_index_slide_ad (id, alt, clog, 
      ext1, href, logV, src, 
      srcB, status, sort_order, 
      logDomain, created, updated
      )
    values (#{id,jdbcType=BIGINT}, #{alt,jdbcType=VARCHAR}, #{clog,jdbcType=VARCHAR}, 
      #{ext1,jdbcType=VARCHAR}, #{href,jdbcType=VARCHAR}, #{logv,jdbcType=VARCHAR}, #{src,jdbcType=VARCHAR}, 
      #{srcb,jdbcType=VARCHAR}, #{status,jdbcType=INTEGER}, #{sortOrder,jdbcType=INTEGER}, 
      #{logdomain,jdbcType=VARCHAR}, #{created,jdbcType=TIMESTAMP}, #{updated,jdbcType=TIMESTAMP}
      )
  </insert>
  <insert id="insertSelective" parameterType="cn.binux.pojo.TbIndexSlideAd" >
    insert into tb_index_slide_ad
    <trim prefix="(" suffix=")" suffixOverrides="," >
      <if test="id != null" >
        id,
      </if>
      <if test="alt != null" >
        alt,
      </if>
      <if test="clog != null" >
        clog,
      </if>
      <if test="ext1 != null" >
        ext1,
      </if>
      <if test="href != null" >
        href,
      </if>
      <if test="logv != null" >
        logV,
      </if>
      <if test="src != null" >
        src,
      </if>
      <if test="srcb != null" >
        srcB,
      </if>
      <if test="status != null" >
        status,
      </if>
      <if test="sortOrder != null" >
        sort_order,
      </if>
      <if test="logdomain != null" >
        logDomain,
      </if>
      <if test="created != null" >
        created,
      </if>
      <if test="updated != null" >
        updated,
      </if>
    </trim>
    <trim prefix="values (" suffix=")" suffixOverrides="," >
      <if test="id != null" >
        #{id,jdbcType=BIGINT},
      </if>
      <if test="alt != null" >
        #{alt,jdbcType=VARCHAR},
      </if>
      <if test="clog != null" >
        #{clog,jdbcType=VARCHAR},
      </if>
      <if test="ext1 != null" >
        #{ext1,jdbcType=VARCHAR},
      </if>
      <if test="href != null" >
        #{href,jdbcType=VARCHAR},
      </if>
      <if test="logv != null" >
        #{logv,jdbcType=VARCHAR},
      </if>
      <if test="src != null" >
        #{src,jdbcType=VARCHAR},
      </if>
      <if test="srcb != null" >
        #{srcb,jdbcType=VARCHAR},
      </if>
      <if test="status != null" >
        #{status,jdbcType=INTEGER},
      </if>
      <if test="sortOrder != null" >
        #{sortOrder,jdbcType=INTEGER},
      </if>
      <if test="logdomain != null" >
        #{logdomain,jdbcType=VARCHAR},
      </if>
      <if test="created != null" >
        #{created,jdbcType=TIMESTAMP},
      </if>
      <if test="updated != null" >
        #{updated,jdbcType=TIMESTAMP},
      </if>
    </trim>
  </insert>
  <select id="countByExample" parameterType="cn.binux.pojo.TbIndexSlideAdExample" resultType="java.lang.Integer" >
    select count(*) from tb_index_slide_ad
    <if test="_parameter != null" >
      <include refid="Example_Where_Clause" />
    </if>
  </select>
  <update id="updateByExampleSelective" parameterType="map" >
    update tb_index_slide_ad
    <set >
      <if test="record.id != null" >
        id = #{record.id,jdbcType=BIGINT},
      </if>
      <if test="record.alt != null" >
        alt = #{record.alt,jdbcType=VARCHAR},
      </if>
      <if test="record.clog != null" >
        clog = #{record.clog,jdbcType=VARCHAR},
      </if>
      <if test="record.ext1 != null" >
        ext1 = #{record.ext1,jdbcType=VARCHAR},
      </if>
      <if test="record.href != null" >
        href = #{record.href,jdbcType=VARCHAR},
      </if>
      <if test="record.logv != null" >
        logV = #{record.logv,jdbcType=VARCHAR},
      </if>
      <if test="record.src != null" >
        src = #{record.src,jdbcType=VARCHAR},
      </if>
      <if test="record.srcb != null" >
        srcB = #{record.srcb,jdbcType=VARCHAR},
      </if>
      <if test="record.status != null" >
        status = #{record.status,jdbcType=INTEGER},
      </if>
      <if test="record.sortOrder != null" >
        sort_order = #{record.sortOrder,jdbcType=INTEGER},
      </if>
      <if test="record.logdomain != null" >
        logDomain = #{record.logdomain,jdbcType=VARCHAR},
      </if>
      <if test="record.created != null" >
        created = #{record.created,jdbcType=TIMESTAMP},
      </if>
      <if test="record.updated != null" >
        updated = #{record.updated,jdbcType=TIMESTAMP},
      </if>
    </set>
    <if test="_parameter != null" >
      <include refid="Update_By_Example_Where_Clause" />
    </if>
  </update>
  <update id="updateByExample" parameterType="map" >
    update tb_index_slide_ad
    set id = #{record.id,jdbcType=BIGINT},
      alt = #{record.alt,jdbcType=VARCHAR},
      clog = #{record.clog,jdbcType=VARCHAR},
      ext1 = #{record.ext1,jdbcType=VARCHAR},
      href = #{record.href,jdbcType=VARCHAR},
      logV = #{record.logv,jdbcType=VARCHAR},
      src = #{record.src,jdbcType=VARCHAR},
      srcB = #{record.srcb,jdbcType=VARCHAR},
      status = #{record.status,jdbcType=INTEGER},
      sort_order = #{record.sortOrder,jdbcType=INTEGER},
      logDomain = #{record.logdomain,jdbcType=VARCHAR},
      created = #{record.created,jdbcType=TIMESTAMP},
      updated = #{record.updated,jdbcType=TIMESTAMP}
    <if test="_parameter != null" >
      <include refid="Update_By_Example_Where_Clause" />
    </if>
  </update>
  <update id="updateByPrimaryKeySelective" parameterType="cn.binux.pojo.TbIndexSlideAd" >
    update tb_index_slide_ad
    <set >
      <if test="alt != null" >
        alt = #{alt,jdbcType=VARCHAR},
      </if>
      <if test="clog != null" >
        clog = #{clog,jdbcType=VARCHAR},
      </if>
      <if test="ext1 != null" >
        ext1 = #{ext1,jdbcType=VARCHAR},
      </if>
      <if test="href != null" >
        href = #{href,jdbcType=VARCHAR},
      </if>
      <if test="logv != null" >
        logV = #{logv,jdbcType=VARCHAR},
      </if>
      <if test="src != null" >
        src = #{src,jdbcType=VARCHAR},
      </if>
      <if test="srcb != null" >
        srcB = #{srcb,jdbcType=VARCHAR},
      </if>
      <if test="status != null" >
        status = #{status,jdbcType=INTEGER},
      </if>
      <if test="sortOrder != null" >
        sort_order = #{sortOrder,jdbcType=INTEGER},
      </if>
      <if test="logdomain != null" >
        logDomain = #{logdomain,jdbcType=VARCHAR},
      </if>
      <if test="created != null" >
        created = #{created,jdbcType=TIMESTAMP},
      </if>
      <if test="updated != null" >
        updated = #{updated,jdbcType=TIMESTAMP},
      </if>
    </set>
    where id = #{id,jdbcType=BIGINT}
  </update>
  <update id="updateByPrimaryKey" parameterType="cn.binux.pojo.TbIndexSlideAd" >
    update tb_index_slide_ad
    set alt = #{alt,jdbcType=VARCHAR},
      clog = #{clog,jdbcType=VARCHAR},
      ext1 = #{ext1,jdbcType=VARCHAR},
      href = #{href,jdbcType=VARCHAR},
      logV = #{logv,jdbcType=VARCHAR},
      src = #{src,jdbcType=VARCHAR},
      srcB = #{srcb,jdbcType=VARCHAR},
      status = #{status,jdbcType=INTEGER},
      sort_order = #{sortOrder,jdbcType=INTEGER},
      logDomain = #{logdomain,jdbcType=VARCHAR},
      created = #{created,jdbcType=TIMESTAMP},
      updated = #{updated,jdbcType=TIMESTAMP}
    where id = #{id,jdbcType=BIGINT}
  </update>
</mapper>